title,published_at,domain,url,votes,timestamp_logged
Gold Signals Dollar Collapse! | Why Bitcoin is Set to EXPLODE,2025-04-22T20:47:12Z,youtube.com,https://cryptopanic.com/news/21247542/Gold-Signals-Dollar-Collapse-Why-Bitcoin-is-Set-to-EXPLODE?mtm_campaign=API-OFA,0,2025-04-22T20:53:14.522338
"ZKSync developer, Matter Labs dragged to court for IP theft",2025-04-22T20:45:00Z,cryptopolitan.com,https://cryptopanic.com/news/21247531/ZKSync-developer-Matter-Labs-dragged-to-court-for-IP-theft?mtm_campaign=API-OFA,0,2025-04-22T20:53:14.522338
"Trump Media Inks Deal for ""Made in America"" Crypto ETFs",2025-04-22T20:36:08Z,bankless.com,https://cryptopanic.com/news/21247506/Trump-Media-Inks-Deal-for-Made-in-America-Crypto-ETFs?mtm_campaign=API-OFA,0,2025-04-22T20:53:14.522338
"Fartcoin Surpasses $1 Billion, Flips Bonk to Lead Solana Meme Coins with 148k Holders",2025-04-22T20:35:08Z,thedefiant.io,https://cryptopanic.com/news/21247502/Fartcoin-Surpasses-1-Billion-Flips-Bonk-to-Lead-Solana-Meme-Coins-with-148k-Holders?mtm_campaign=API-OFA,0,2025-04-22T20:53:14.522338
Top 5 Facts About New SEC Boss,2025-04-22T20:34:07Z,u.today,https://cryptopanic.com/news/21247536/Top-5-Facts-About-New-SEC-Boss?mtm_campaign=API-OFA,0,2025-04-22T20:53:14.522338
Bitcoin's Explosive Future: U.S. to Trigger Million Dollar Squeeze!,2025-04-22T20:30:06Z,youtube.com,https://cryptopanic.com/news/21247500/Bitcoins-Explosive-Future-US-to-Trigger-Million-Dollar-Squeeze?mtm_campaign=API-OFA,0,2025-04-22T20:53:14.522338
Solana Whale Bags $153M Profit: 4-Year Staking Play Pays Off Big,2025-04-22T20:27:16Z,cryptonews.com,https://cryptopanic.com/news/21247466/Solana-Whale-Bags-153M-Profit-4-Year-Staking-Play-Pays-Off-Big?mtm_campaign=API-OFA,0,2025-04-22T20:53:14.522338
Trump's Fed Pressure Campaign: Market Chaos Risks & Bitcoin's Opportunity,2025-04-22T20:22:56Z,coinpaper.com,https://cryptopanic.com/news/21247459/Trumps-Fed-Pressure-Campaign-Market-Chaos-Risks-Bitcoins-Opportunity?mtm_campaign=API-OFA,0,2025-04-22T20:53:14.522338
US Recession Odds At Minimum Of 37% After Tariffs And Trade War,2025-04-22T20:14:47Z,investors.catenaa.com,https://cryptopanic.com/news/21241954/US-Recession-Odds-At-Minimum-Of-37-After-Tariffs-And-Trade-War?mtm_campaign=API-OFA,0,2025-04-22T20:53:14.522338
"US Stock Market Sheds $2.5 Trillion, BTC Price Reclaims $88,000",2025-04-22T20:13:30Z,thecoinrepublic.com,https://cryptopanic.com/news/21247400/US-Stock-Market-Sheds-25-Trillion-BTC-Price-Reclaims-88000?mtm_campaign=API-OFA,0,2025-04-22T20:53:14.522338
"DeFi lending protocols gain $2.3B in TVL, fueling token outperformance",2025-04-23T00:15:45Z,cryptoslate.com,https://cryptopanic.com/news/21251680/DeFi-lending-protocols-gain-23B-in-TVL-fueling-token-outperformance?mtm_campaign=API-OFA,0,2025-04-23T00:24:34.636789
"Australian court rules in favor of crypto lender, dismissing ASIC’s appeal",2025-04-23T00:15:17Z,cryptopolitan.com,https://cryptopanic.com/news/21251682/Australian-court-rules-in-favor-of-crypto-lender-dismissing-ASICs-appeal?mtm_campaign=API-OFA,0,2025-04-23T00:24:34.636789
Solana DEX Meteora Sued Over Alleged Pump-and-Dump Meme Coin Launch,2025-04-23T00:04:23Z,decrypt.co,https://cryptopanic.com/news/21251354/Solana-DEX-Meteora-Sued-Over-Alleged-Pump-and-Dump-Meme-Coin-Launch?mtm_campaign=API-OFA,0,2025-04-23T00:24:34.636789
"XRP: Another Battle Incoming, Bitcoin's (BTC) Next Stop Is $94,000, Solana (SOL) Short-Term Rally Confirmed",2025-04-23T00:01:00Z,u.today,https://cryptopanic.com/news/21251378/XRP-Another-Battle-Incoming-Bitcoins-BTC-Next-Stop-Is-94000-Solana-SOL-Short-Term-Rally-Confirmed?mtm_campaign=API-OFA,0,2025-04-23T00:24:34.636789
"Under-the-Radar Altcoin Flashing Same Setup That Preceded 3,797% Explosion for Chainlink, According to Analyst",2025-04-23T00:00:41Z,dailyhodl.com,https://cryptopanic.com/news/21250878/Under-the-Radar-Altcoin-Flashing-Same-Setup-That-Preceded-3797-Explosion-for-Chainlink-According-to-Analyst?mtm_campaign=API-OFA,0,2025-04-23T00:24:34.636789
Bitcoin's Hard Landing: Central Banks to the Rescue?,2025-04-23T00:00:23Z,youtube.com,https://cryptopanic.com/news/21251683/Bitcoins-Hard-Landing-Central-Banks-to-the-Rescue?mtm_campaign=API-OFA,0,2025-04-23T00:24:34.636789
Bitcoin Cash (BCH) Looks Ready To Climb After A Strong Price Rebound,2025-04-23T00:00:10Z,newsbtc.com,https://cryptopanic.com/news/21250866/Bitcoin-Cash-BCH-Looks-Ready-To-Climb-After-A-Strong-Price-Rebound?mtm_campaign=API-OFA,0,2025-04-23T00:24:34.636789
Cantor Fitzgerald to Formulate Bitcoin Acquisition Platform,2025-04-22T23:51:42Z,coincu.com,https://cryptopanic.com/news/21250836/Cantor-Fitzgerald-to-Formulate-Bitcoin-Acquisition-Platform?mtm_campaign=API-OFA,0,2025-04-23T00:24:34.636789
Europe Moves to Rein In Blockchain Data Access With New Privacy Guidelines,2025-04-22T23:37:48Z,decrypt.co,https://cryptopanic.com/news/21250790/Europe-Moves-to-Rein-In-Blockchain-Data-Access-With-New-Privacy-Guidelines?mtm_campaign=API-OFA,0,2025-04-23T00:24:34.636789
Spot Bitcoin ETFs score $395M in inflows in 4 trading days,2025-04-22T23:30:46Z,cryptoslate.com,https://cryptopanic.com/news/21250766/Spot-Bitcoin-ETFs-score-395M-in-inflows-in-4-trading-days?mtm_campaign=API-OFA,0,2025-04-23T00:24:34.636789
Zora Token Launches Amid U.S.–China Tariff Speculations,2025-04-23T00:21:42Z,coincu.com,https://cryptopanic.com/news/21251706/Zora-Token-Launches-Amid-USChina-Tariff-Speculations?mtm_campaign=API-OFA,0,2025-04-23T00:27:05.375712
"DeFi lending protocols gain $2.3B in TVL, fueling token outperformance",2025-04-23T00:15:45Z,cryptoslate.com,https://cryptopanic.com/news/21251680/DeFi-lending-protocols-gain-23B-in-TVL-fueling-token-outperformance?mtm_campaign=API-OFA,0,2025-04-23T00:27:05.375712
"Australian court rules in favor of crypto lender, dismissing ASIC’s appeal",2025-04-23T00:15:17Z,cryptopolitan.com,https://cryptopanic.com/news/21251682/Australian-court-rules-in-favor-of-crypto-lender-dismissing-ASICs-appeal?mtm_campaign=API-OFA,0,2025-04-23T00:27:05.375712
Solana DEX Meteora Sued Over Alleged Pump-and-Dump Meme Coin Launch,2025-04-23T00:04:23Z,decrypt.co,https://cryptopanic.com/news/21251354/Solana-DEX-Meteora-Sued-Over-Alleged-Pump-and-Dump-Meme-Coin-Launch?mtm_campaign=API-OFA,0,2025-04-23T00:27:05.375712
"XRP: Another Battle Incoming, Bitcoin's (BTC) Next Stop Is $94,000, Solana (SOL) Short-Term Rally Confirmed",2025-04-23T00:01:00Z,u.today,https://cryptopanic.com/news/21251378/XRP-Another-Battle-Incoming-Bitcoins-BTC-Next-Stop-Is-94000-Solana-SOL-Short-Term-Rally-Confirmed?mtm_campaign=API-OFA,0,2025-04-23T00:27:05.375712
"Under-the-Radar Altcoin Flashing Same Setup That Preceded 3,797% Explosion for Chainlink, According to Analyst",2025-04-23T00:00:41Z,dailyhodl.com,https://cryptopanic.com/news/21250878/Under-the-Radar-Altcoin-Flashing-Same-Setup-That-Preceded-3797-Explosion-for-Chainlink-According-to-Analyst?mtm_campaign=API-OFA,0,2025-04-23T00:27:05.375712
Bitcoin's Hard Landing: Central Banks to the Rescue?,2025-04-23T00:00:23Z,youtube.com,https://cryptopanic.com/news/21251683/Bitcoins-Hard-Landing-Central-Banks-to-the-Rescue?mtm_campaign=API-OFA,0,2025-04-23T00:27:05.375712
Bitcoin Cash (BCH) Looks Ready To Climb After A Strong Price Rebound,2025-04-23T00:00:10Z,newsbtc.com,https://cryptopanic.com/news/21250866/Bitcoin-Cash-BCH-Looks-Ready-To-Climb-After-A-Strong-Price-Rebound?mtm_campaign=API-OFA,0,2025-04-23T00:27:05.375712
Cantor Fitzgerald to Formulate Bitcoin Acquisition Platform,2025-04-22T23:51:42Z,coincu.com,https://cryptopanic.com/news/21250836/Cantor-Fitzgerald-to-Formulate-Bitcoin-Acquisition-Platform?mtm_campaign=API-OFA,0,2025-04-23T00:27:05.375712
Europe Moves to Rein In Blockchain Data Access With New Privacy Guidelines,2025-04-22T23:37:48Z,decrypt.co,https://cryptopanic.com/news/21250790/Europe-Moves-to-Rein-In-Blockchain-Data-Access-With-New-Privacy-Guidelines?mtm_campaign=API-OFA,0,2025-04-23T00:27:05.375712
Zora Token Launches Amid U.S.–China Tariff Speculations,2025-04-23T00:21:42Z,coincu.com,https://cryptopanic.com/news/21251706/Zora-Token-Launches-Amid-USChina-Tariff-Speculations?mtm_campaign=API-OFA,0,2025-04-23T00:29:20.425901
"DeFi lending protocols gain $2.3B in TVL, fueling token outperformance",2025-04-23T00:15:45Z,cryptoslate.com,https://cryptopanic.com/news/21251680/DeFi-lending-protocols-gain-23B-in-TVL-fueling-token-outperformance?mtm_campaign=API-OFA,0,2025-04-23T00:29:20.425901
"Australian court rules in favor of crypto lender, dismissing ASIC’s appeal",2025-04-23T00:15:17Z,cryptopolitan.com,https://cryptopanic.com/news/21251682/Australian-court-rules-in-favor-of-crypto-lender-dismissing-ASICs-appeal?mtm_campaign=API-OFA,0,2025-04-23T00:29:20.425901
Solana DEX Meteora Sued Over Alleged Pump-and-Dump Meme Coin Launch,2025-04-23T00:04:23Z,decrypt.co,https://cryptopanic.com/news/21251354/Solana-DEX-Meteora-Sued-Over-Alleged-Pump-and-Dump-Meme-Coin-Launch?mtm_campaign=API-OFA,0,2025-04-23T00:29:20.425901
"XRP: Another Battle Incoming, Bitcoin's (BTC) Next Stop Is $94,000, Solana (SOL) Short-Term Rally Confirmed",2025-04-23T00:01:00Z,u.today,https://cryptopanic.com/news/21251378/XRP-Another-Battle-Incoming-Bitcoins-BTC-Next-Stop-Is-94000-Solana-SOL-Short-Term-Rally-Confirmed?mtm_campaign=API-OFA,0,2025-04-23T00:29:20.425901
"Under-the-Radar Altcoin Flashing Same Setup That Preceded 3,797% Explosion for Chainlink, According to Analyst",2025-04-23T00:00:41Z,dailyhodl.com,https://cryptopanic.com/news/21250878/Under-the-Radar-Altcoin-Flashing-Same-Setup-That-Preceded-3797-Explosion-for-Chainlink-According-to-Analyst?mtm_campaign=API-OFA,0,2025-04-23T00:29:20.425901
Bitcoin's Hard Landing: Central Banks to the Rescue?,2025-04-23T00:00:23Z,youtube.com,https://cryptopanic.com/news/21251683/Bitcoins-Hard-Landing-Central-Banks-to-the-Rescue?mtm_campaign=API-OFA,0,2025-04-23T00:29:20.425901
Bitcoin Cash (BCH) Looks Ready To Climb After A Strong Price Rebound,2025-04-23T00:00:10Z,newsbtc.com,https://cryptopanic.com/news/21250866/Bitcoin-Cash-BCH-Looks-Ready-To-Climb-After-A-Strong-Price-Rebound?mtm_campaign=API-OFA,0,2025-04-23T00:29:20.425901
Cantor Fitzgerald to Formulate Bitcoin Acquisition Platform,2025-04-22T23:51:42Z,coincu.com,https://cryptopanic.com/news/21250836/Cantor-Fitzgerald-to-Formulate-Bitcoin-Acquisition-Platform?mtm_campaign=API-OFA,0,2025-04-23T00:29:20.425901
Europe Moves to Rein In Blockchain Data Access With New Privacy Guidelines,2025-04-22T23:37:48Z,decrypt.co,https://cryptopanic.com/news/21250790/Europe-Moves-to-Rein-In-Blockchain-Data-Access-With-New-Privacy-Guidelines?mtm_campaign=API-OFA,0,2025-04-23T00:29:20.425901
"Cantor Fitzgerald to build $3B Bitcoin venture in partnership with SoftBank, Tether, and Bitfinex",2025-04-23T00:28:20Z,cryptobriefing.com,https://cryptopanic.com/news/21251713/Cantor-Fitzgerald-to-build-3B-Bitcoin-venture-in-partnership-with-SoftBank-Tether-and-Bitfinex?mtm_campaign=API-OFA,0,2025-04-23T00:34:17.601858
Zora Token Launches Amid U.S.–China Tariff Speculations,2025-04-23T00:21:42Z,coincu.com,https://cryptopanic.com/news/21251706/Zora-Token-Launches-Amid-USChina-Tariff-Speculations?mtm_campaign=API-OFA,0,2025-04-23T00:34:17.601858
"DeFi lending protocols gain $2.3B in TVL, fueling token outperformance",2025-04-23T00:15:45Z,cryptoslate.com,https://cryptopanic.com/news/21251680/DeFi-lending-protocols-gain-23B-in-TVL-fueling-token-outperformance?mtm_campaign=API-OFA,0,2025-04-23T00:34:17.601858
"Australian court rules in favor of crypto lender, dismissing ASIC’s appeal",2025-04-23T00:15:17Z,cryptopolitan.com,https://cryptopanic.com/news/21251682/Australian-court-rules-in-favor-of-crypto-lender-dismissing-ASICs-appeal?mtm_campaign=API-OFA,0,2025-04-23T00:34:17.601858
Solana DEX Meteora Sued Over Alleged Pump-and-Dump Meme Coin Launch,2025-04-23T00:04:23Z,decrypt.co,https://cryptopanic.com/news/21251354/Solana-DEX-Meteora-Sued-Over-Alleged-Pump-and-Dump-Meme-Coin-Launch?mtm_campaign=API-OFA,0,2025-04-23T00:34:17.601858
"XRP: Another Battle Incoming, Bitcoin's (BTC) Next Stop Is $94,000, Solana (SOL) Short-Term Rally Confirmed",2025-04-23T00:01:00Z,u.today,https://cryptopanic.com/news/21251378/XRP-Another-Battle-Incoming-Bitcoins-BTC-Next-Stop-Is-94000-Solana-SOL-Short-Term-Rally-Confirmed?mtm_campaign=API-OFA,0,2025-04-23T00:34:17.601858
"Under-the-Radar Altcoin Flashing Same Setup That Preceded 3,797% Explosion for Chainlink, According to Analyst",2025-04-23T00:00:41Z,dailyhodl.com,https://cryptopanic.com/news/21250878/Under-the-Radar-Altcoin-Flashing-Same-Setup-That-Preceded-3797-Explosion-for-Chainlink-According-to-Analyst?mtm_campaign=API-OFA,0,2025-04-23T00:34:17.601858
Bitcoin's Hard Landing: Central Banks to the Rescue?,2025-04-23T00:00:23Z,youtube.com,https://cryptopanic.com/news/21251683/Bitcoins-Hard-Landing-Central-Banks-to-the-Rescue?mtm_campaign=API-OFA,0,2025-04-23T00:34:17.601858
Bitcoin Cash (BCH) Looks Ready To Climb After A Strong Price Rebound,2025-04-23T00:00:10Z,newsbtc.com,https://cryptopanic.com/news/21250866/Bitcoin-Cash-BCH-Looks-Ready-To-Climb-After-A-Strong-Price-Rebound?mtm_campaign=API-OFA,0,2025-04-23T00:34:17.601858
Cantor Fitzgerald to Formulate Bitcoin Acquisition Platform,2025-04-22T23:51:42Z,coincu.com,https://cryptopanic.com/news/21250836/Cantor-Fitzgerald-to-Formulate-Bitcoin-Acquisition-Platform?mtm_campaign=API-OFA,0,2025-04-23T00:34:17.601858
Bitcoin Mining Game 'Miner Wars' Expands With New Features,2025-04-23T00:31:03Z,decrypt.co,https://cryptopanic.com/news/21251732/Bitcoin-Mining-Game-Miner-Wars-Expands-With-New-Features?mtm_campaign=API-OFA,0,2025-04-23T00:38:38.275277
"Cantor Fitzgerald to build $3B Bitcoin venture in partnership with SoftBank, Tether, and Bitfinex",2025-04-23T00:28:20Z,cryptobriefing.com,https://cryptopanic.com/news/21251713/Cantor-Fitzgerald-to-build-3B-Bitcoin-venture-in-partnership-with-SoftBank-Tether-and-Bitfinex?mtm_campaign=API-OFA,0,2025-04-23T00:38:38.275277
Zora Token Launches Amid U.S.–China Tariff Speculations,2025-04-23T00:21:42Z,coincu.com,https://cryptopanic.com/news/21251706/Zora-Token-Launches-Amid-USChina-Tariff-Speculations?mtm_campaign=API-OFA,0,2025-04-23T00:38:38.275277
"DeFi lending protocols gain $2.3B in TVL, fueling token outperformance",2025-04-23T00:15:45Z,cryptoslate.com,https://cryptopanic.com/news/21251680/DeFi-lending-protocols-gain-23B-in-TVL-fueling-token-outperformance?mtm_campaign=API-OFA,0,2025-04-23T00:38:38.275277
"Australian court rules in favor of crypto lender, dismissing ASIC’s appeal",2025-04-23T00:15:17Z,cryptopolitan.com,https://cryptopanic.com/news/21251682/Australian-court-rules-in-favor-of-crypto-lender-dismissing-ASICs-appeal?mtm_campaign=API-OFA,0,2025-04-23T00:38:38.275277
Solana DEX Meteora Sued Over Alleged Pump-and-Dump Meme Coin Launch,2025-04-23T00:04:23Z,decrypt.co,https://cryptopanic.com/news/21251354/Solana-DEX-Meteora-Sued-Over-Alleged-Pump-and-Dump-Meme-Coin-Launch?mtm_campaign=API-OFA,0,2025-04-23T00:38:38.275277
"XRP: Another Battle Incoming, Bitcoin's (BTC) Next Stop Is $94,000, Solana (SOL) Short-Term Rally Confirmed",2025-04-23T00:01:00Z,u.today,https://cryptopanic.com/news/21251378/XRP-Another-Battle-Incoming-Bitcoins-BTC-Next-Stop-Is-94000-Solana-SOL-Short-Term-Rally-Confirmed?mtm_campaign=API-OFA,0,2025-04-23T00:38:38.275277
"Under-the-Radar Altcoin Flashing Same Setup That Preceded 3,797% Explosion for Chainlink, According to Analyst",2025-04-23T00:00:41Z,dailyhodl.com,https://cryptopanic.com/news/21250878/Under-the-Radar-Altcoin-Flashing-Same-Setup-That-Preceded-3797-Explosion-for-Chainlink-According-to-Analyst?mtm_campaign=API-OFA,0,2025-04-23T00:38:38.275277
Bitcoin's Hard Landing: Central Banks to the Rescue?,2025-04-23T00:00:23Z,youtube.com,https://cryptopanic.com/news/21251683/Bitcoins-Hard-Landing-Central-Banks-to-the-Rescue?mtm_campaign=API-OFA,0,2025-04-23T00:38:38.275277
Bitcoin Cash (BCH) Looks Ready To Climb After A Strong Price Rebound,2025-04-23T00:00:10Z,newsbtc.com,https://cryptopanic.com/news/21250866/Bitcoin-Cash-BCH-Looks-Ready-To-Climb-After-A-Strong-Price-Rebound?mtm_campaign=API-OFA,0,2025-04-23T00:38:38.275277
Bitcoin Mining Game 'Miner Wars' Expands With New Features,2025-04-23T00:31:03Z,decrypt.co,https://cryptopanic.com/news/21251732/Bitcoin-Mining-Game-Miner-Wars-Expands-With-New-Features?mtm_campaign=API-OFA,0,2025-04-23T00:42:25.208715
"Cantor Fitzgerald to build $3B Bitcoin venture in partnership with SoftBank, Tether, and Bitfinex",2025-04-23T00:28:20Z,cryptobriefing.com,https://cryptopanic.com/news/21251713/Cantor-Fitzgerald-to-build-3B-Bitcoin-venture-in-partnership-with-SoftBank-Tether-and-Bitfinex?mtm_campaign=API-OFA,0,2025-04-23T00:42:25.208715
Zora Token Launches Amid U.S.–China Tariff Speculations,2025-04-23T00:21:42Z,coincu.com,https://cryptopanic.com/news/21251706/Zora-Token-Launches-Amid-USChina-Tariff-Speculations?mtm_campaign=API-OFA,0,2025-04-23T00:42:25.208715
"DeFi lending protocols gain $2.3B in TVL, fueling token outperformance",2025-04-23T00:15:45Z,cryptoslate.com,https://cryptopanic.com/news/21251680/DeFi-lending-protocols-gain-23B-in-TVL-fueling-token-outperformance?mtm_campaign=API-OFA,0,2025-04-23T00:42:25.208715
"Australian court rules in favor of crypto lender, dismissing ASIC’s appeal",2025-04-23T00:15:17Z,cryptopolitan.com,https://cryptopanic.com/news/21251682/Australian-court-rules-in-favor-of-crypto-lender-dismissing-ASICs-appeal?mtm_campaign=API-OFA,0,2025-04-23T00:42:25.208715
Solana DEX Meteora Sued Over Alleged Pump-and-Dump Meme Coin Launch,2025-04-23T00:04:23Z,decrypt.co,https://cryptopanic.com/news/21251354/Solana-DEX-Meteora-Sued-Over-Alleged-Pump-and-Dump-Meme-Coin-Launch?mtm_campaign=API-OFA,0,2025-04-23T00:42:25.208715
"XRP: Another Battle Incoming, Bitcoin's (BTC) Next Stop Is $94,000, Solana (SOL) Short-Term Rally Confirmed",2025-04-23T00:01:00Z,u.today,https://cryptopanic.com/news/21251378/XRP-Another-Battle-Incoming-Bitcoins-BTC-Next-Stop-Is-94000-Solana-SOL-Short-Term-Rally-Confirmed?mtm_campaign=API-OFA,0,2025-04-23T00:42:25.208715
"Under-the-Radar Altcoin Flashing Same Setup That Preceded 3,797% Explosion for Chainlink, According to Analyst",2025-04-23T00:00:41Z,dailyhodl.com,https://cryptopanic.com/news/21250878/Under-the-Radar-Altcoin-Flashing-Same-Setup-That-Preceded-3797-Explosion-for-Chainlink-According-to-Analyst?mtm_campaign=API-OFA,0,2025-04-23T00:42:25.208715
Bitcoin's Hard Landing: Central Banks to the Rescue?,2025-04-23T00:00:23Z,youtube.com,https://cryptopanic.com/news/21251683/Bitcoins-Hard-Landing-Central-Banks-to-the-Rescue?mtm_campaign=API-OFA,0,2025-04-23T00:42:25.208715
Bitcoin Cash (BCH) Looks Ready To Climb After A Strong Price Rebound,2025-04-23T00:00:10Z,newsbtc.com,https://cryptopanic.com/news/21250866/Bitcoin-Cash-BCH-Looks-Ready-To-Climb-After-A-Strong-Price-Rebound?mtm_campaign=API-OFA,0,2025-04-23T00:42:25.208715
Bitcoin Mining Game 'Miner Wars' Expands With New Features,2025-04-23T00:31:03Z,decrypt.co,https://cryptopanic.com/news/21251732/Bitcoin-Mining-Game-Miner-Wars-Expands-With-New-Features?mtm_campaign=API-OFA,0,2025-04-23T00:48:06.215289
"Cantor Fitzgerald to build $3B Bitcoin venture in partnership with SoftBank, Tether, and Bitfinex",2025-04-23T00:28:20Z,cryptobriefing.com,https://cryptopanic.com/news/21251713/Cantor-Fitzgerald-to-build-3B-Bitcoin-venture-in-partnership-with-SoftBank-Tether-and-Bitfinex?mtm_campaign=API-OFA,0,2025-04-23T00:48:06.215289
Zora Token Launches Amid U.S.–China Tariff Speculations,2025-04-23T00:21:42Z,coincu.com,https://cryptopanic.com/news/21251706/Zora-Token-Launches-Amid-USChina-Tariff-Speculations?mtm_campaign=API-OFA,0,2025-04-23T00:48:06.215289
"DeFi lending protocols gain $2.3B in TVL, fueling token outperformance",2025-04-23T00:15:45Z,cryptoslate.com,https://cryptopanic.com/news/21251680/DeFi-lending-protocols-gain-23B-in-TVL-fueling-token-outperformance?mtm_campaign=API-OFA,0,2025-04-23T00:48:06.215289
"Australian court rules in favor of crypto lender, dismissing ASIC’s appeal",2025-04-23T00:15:17Z,cryptopolitan.com,https://cryptopanic.com/news/21251682/Australian-court-rules-in-favor-of-crypto-lender-dismissing-ASICs-appeal?mtm_campaign=API-OFA,0,2025-04-23T00:48:06.215289
Solana DEX Meteora Sued Over Alleged Pump-and-Dump Meme Coin Launch,2025-04-23T00:04:23Z,decrypt.co,https://cryptopanic.com/news/21251354/Solana-DEX-Meteora-Sued-Over-Alleged-Pump-and-Dump-Meme-Coin-Launch?mtm_campaign=API-OFA,0,2025-04-23T00:48:06.215289
"XRP: Another Battle Incoming, Bitcoin's (BTC) Next Stop Is $94,000, Solana (SOL) Short-Term Rally Confirmed",2025-04-23T00:01:00Z,u.today,https://cryptopanic.com/news/21251378/XRP-Another-Battle-Incoming-Bitcoins-BTC-Next-Stop-Is-94000-Solana-SOL-Short-Term-Rally-Confirmed?mtm_campaign=API-OFA,0,2025-04-23T00:48:06.215289
"Under-the-Radar Altcoin Flashing Same Setup That Preceded 3,797% Explosion for Chainlink, According to Analyst",2025-04-23T00:00:41Z,dailyhodl.com,https://cryptopanic.com/news/21250878/Under-the-Radar-Altcoin-Flashing-Same-Setup-That-Preceded-3797-Explosion-for-Chainlink-According-to-Analyst?mtm_campaign=API-OFA,0,2025-04-23T00:48:06.215289
Bitcoin's Hard Landing: Central Banks to the Rescue?,2025-04-23T00:00:23Z,youtube.com,https://cryptopanic.com/news/21251683/Bitcoins-Hard-Landing-Central-Banks-to-the-Rescue?mtm_campaign=API-OFA,0,2025-04-23T00:48:06.215289
Bitcoin Cash (BCH) Looks Ready To Climb After A Strong Price Rebound,2025-04-23T00:00:10Z,newsbtc.com,https://cryptopanic.com/news/21250866/Bitcoin-Cash-BCH-Looks-Ready-To-Climb-After-A-Strong-Price-Rebound?mtm_campaign=API-OFA,0,2025-04-23T00:48:06.215289
Bitcoin Mining Game 'Miner Wars' Expands With New Features,2025-04-23T00:31:03Z,decrypt.co,https://cryptopanic.com/news/21251732/Bitcoin-Mining-Game-Miner-Wars-Expands-With-New-Features?mtm_campaign=API-OFA,0,2025-04-23T00:48:34.218156
"Cantor Fitzgerald to build $3B Bitcoin venture in partnership with SoftBank, Tether, and Bitfinex",2025-04-23T00:28:20Z,cryptobriefing.com,https://cryptopanic.com/news/21251713/Cantor-Fitzgerald-to-build-3B-Bitcoin-venture-in-partnership-with-SoftBank-Tether-and-Bitfinex?mtm_campaign=API-OFA,0,2025-04-23T00:48:34.218156
Zora Token Launches Amid U.S.–China Tariff Speculations,2025-04-23T00:21:42Z,coincu.com,https://cryptopanic.com/news/21251706/Zora-Token-Launches-Amid-USChina-Tariff-Speculations?mtm_campaign=API-OFA,0,2025-04-23T00:48:34.218156
"DeFi lending protocols gain $2.3B in TVL, fueling token outperformance",2025-04-23T00:15:45Z,cryptoslate.com,https://cryptopanic.com/news/21251680/DeFi-lending-protocols-gain-23B-in-TVL-fueling-token-outperformance?mtm_campaign=API-OFA,0,2025-04-23T00:48:34.218156
"Australian court rules in favor of crypto lender, dismissing ASIC’s appeal",2025-04-23T00:15:17Z,cryptopolitan.com,https://cryptopanic.com/news/21251682/Australian-court-rules-in-favor-of-crypto-lender-dismissing-ASICs-appeal?mtm_campaign=API-OFA,0,2025-04-23T00:48:34.218156
Solana DEX Meteora Sued Over Alleged Pump-and-Dump Meme Coin Launch,2025-04-23T00:04:23Z,decrypt.co,https://cryptopanic.com/news/21251354/Solana-DEX-Meteora-Sued-Over-Alleged-Pump-and-Dump-Meme-Coin-Launch?mtm_campaign=API-OFA,0,2025-04-23T00:48:34.218156
"XRP: Another Battle Incoming, Bitcoin's (BTC) Next Stop Is $94,000, Solana (SOL) Short-Term Rally Confirmed",2025-04-23T00:01:00Z,u.today,https://cryptopanic.com/news/21251378/XRP-Another-Battle-Incoming-Bitcoins-BTC-Next-Stop-Is-94000-Solana-SOL-Short-Term-Rally-Confirmed?mtm_campaign=API-OFA,0,2025-04-23T00:48:34.218156
"Under-the-Radar Altcoin Flashing Same Setup That Preceded 3,797% Explosion for Chainlink, According to Analyst",2025-04-23T00:00:41Z,dailyhodl.com,https://cryptopanic.com/news/21250878/Under-the-Radar-Altcoin-Flashing-Same-Setup-That-Preceded-3797-Explosion-for-Chainlink-According-to-Analyst?mtm_campaign=API-OFA,0,2025-04-23T00:48:34.218156
Bitcoin's Hard Landing: Central Banks to the Rescue?,2025-04-23T00:00:23Z,youtube.com,https://cryptopanic.com/news/21251683/Bitcoins-Hard-Landing-Central-Banks-to-the-Rescue?mtm_campaign=API-OFA,0,2025-04-23T00:48:34.218156
Bitcoin Cash (BCH) Looks Ready To Climb After A Strong Price Rebound,2025-04-23T00:00:10Z,newsbtc.com,https://cryptopanic.com/news/21250866/Bitcoin-Cash-BCH-Looks-Ready-To-Climb-After-A-Strong-Price-Rebound?mtm_campaign=API-OFA,0,2025-04-23T00:48:34.218156
Bitcoin Mining Game 'Miner Wars' Expands With New Features,2025-04-23T00:31:03Z,decrypt.co,https://cryptopanic.com/news/21251732/Bitcoin-Mining-Game-Miner-Wars-Expands-With-New-Features?mtm_campaign=API-OFA,0,2025-04-23T00:52:40.335672
"Cantor Fitzgerald to build $3B Bitcoin venture in partnership with SoftBank, Tether, and Bitfinex",2025-04-23T00:28:20Z,cryptobriefing.com,https://cryptopanic.com/news/21251713/Cantor-Fitzgerald-to-build-3B-Bitcoin-venture-in-partnership-with-SoftBank-Tether-and-Bitfinex?mtm_campaign=API-OFA,0,2025-04-23T00:52:40.335672
Zora Token Launches Amid U.S.–China Tariff Speculations,2025-04-23T00:21:42Z,coincu.com,https://cryptopanic.com/news/21251706/Zora-Token-Launches-Amid-USChina-Tariff-Speculations?mtm_campaign=API-OFA,0,2025-04-23T00:52:40.335672
"DeFi lending protocols gain $2.3B in TVL, fueling token outperformance",2025-04-23T00:15:45Z,cryptoslate.com,https://cryptopanic.com/news/21251680/DeFi-lending-protocols-gain-23B-in-TVL-fueling-token-outperformance?mtm_campaign=API-OFA,0,2025-04-23T00:52:40.335672
"Australian court rules in favor of crypto lender, dismissing ASIC’s appeal",2025-04-23T00:15:17Z,cryptopolitan.com,https://cryptopanic.com/news/21251682/Australian-court-rules-in-favor-of-crypto-lender-dismissing-ASICs-appeal?mtm_campaign=API-OFA,0,2025-04-23T00:52:40.335672
Trump Hints at Lower Tariffs on China Amid Trade Tensions,2025-04-23T00:52:24Z,coincu.com,https://cryptopanic.com/news/21251770/Trump-Hints-at-Lower-Tariffs-on-China-Amid-Trade-Tensions?mtm_campaign=API-OFA,0,2025-04-23T00:53:10.965818
Bitcoin Mining Game 'Miner Wars' Expands With New Features,2025-04-23T00:31:03Z,decrypt.co,https://cryptopanic.com/news/21251732/Bitcoin-Mining-Game-Miner-Wars-Expands-With-New-Features?mtm_campaign=API-OFA,0,2025-04-23T00:53:10.965818
"Cantor Fitzgerald to build $3B Bitcoin venture in partnership with SoftBank, Tether, and Bitfinex",2025-04-23T00:28:20Z,cryptobriefing.com,https://cryptopanic.com/news/21251713/Cantor-Fitzgerald-to-build-3B-Bitcoin-venture-in-partnership-with-SoftBank-Tether-and-Bitfinex?mtm_campaign=API-OFA,0,2025-04-23T00:53:10.965818
Zora Token Launches Amid U.S.–China Tariff Speculations,2025-04-23T00:21:42Z,coincu.com,https://cryptopanic.com/news/21251706/Zora-Token-Launches-Amid-USChina-Tariff-Speculations?mtm_campaign=API-OFA,0,2025-04-23T00:53:10.965818
"DeFi lending protocols gain $2.3B in TVL, fueling token outperformance",2025-04-23T00:15:45Z,cryptoslate.com,https://cryptopanic.com/news/21251680/DeFi-lending-protocols-gain-23B-in-TVL-fueling-token-outperformance?mtm_campaign=API-OFA,0,2025-04-23T00:53:10.965818
"Australian court rules in favor of crypto lender, dismissing ASIC’s appeal",2025-04-23T00:15:17Z,cryptopolitan.com,https://cryptopanic.com/news/21251682/Australian-court-rules-in-favor-of-crypto-lender-dismissing-ASICs-appeal?mtm_campaign=API-OFA,0,2025-04-23T00:53:10.965818
Solana DEX Meteora Sued Over Alleged Pump-and-Dump Meme Coin Launch,2025-04-23T00:04:23Z,decrypt.co,https://cryptopanic.com/news/21251354/Solana-DEX-Meteora-Sued-Over-Alleged-Pump-and-Dump-Meme-Coin-Launch?mtm_campaign=API-OFA,0,2025-04-23T00:53:10.965818
"XRP: Another Battle Incoming, Bitcoin's (BTC) Next Stop Is $94,000, Solana (SOL) Short-Term Rally Confirmed",2025-04-23T00:01:00Z,u.today,https://cryptopanic.com/news/21251378/XRP-Another-Battle-Incoming-Bitcoins-BTC-Next-Stop-Is-94000-Solana-SOL-Short-Term-Rally-Confirmed?mtm_campaign=API-OFA,0,2025-04-23T00:53:10.965818
"Under-the-Radar Altcoin Flashing Same Setup That Preceded 3,797% Explosion for Chainlink, According to Analyst",2025-04-23T00:00:41Z,dailyhodl.com,https://cryptopanic.com/news/21250878/Under-the-Radar-Altcoin-Flashing-Same-Setup-That-Preceded-3797-Explosion-for-Chainlink-According-to-Analyst?mtm_campaign=API-OFA,0,2025-04-23T00:53:10.965818
Bitcoin's Hard Landing: Central Banks to the Rescue?,2025-04-23T00:00:23Z,youtube.com,https://cryptopanic.com/news/21251683/Bitcoins-Hard-Landing-Central-Banks-to-the-Rescue?mtm_campaign=API-OFA,0,2025-04-23T00:53:10.965818
Bitcoin Cash (BCH) Looks Ready To Climb After A Strong Price Rebound,2025-04-23T00:00:10Z,newsbtc.com,https://cryptopanic.com/news/21250866/Bitcoin-Cash-BCH-Looks-Ready-To-Climb-After-A-Strong-Price-Rebound?mtm_campaign=API-OFA,0,2025-04-23T00:53:10.965818
Ethereum (ETH) Underperforms All Top 5 Major Cryptos in Brutal 2025 Downtrend,2025-04-23T00:00:00Z,beincrypto.com,https://cryptopanic.com/news/21251749/Ethereum-ETH-Underperforms-All-Top-5-Major-Cryptos-in-Brutal-2025-Downtrend?mtm_campaign=API-OFA,0,2025-04-23T00:53:10.965818
Cantor Fitzgerald to Formulate Bitcoin Acquisition Platform,2025-04-22T23:51:42Z,coincu.com,https://cryptopanic.com/news/21250836/Cantor-Fitzgerald-to-Formulate-Bitcoin-Acquisition-Platform?mtm_campaign=API-OFA,0,2025-04-23T00:53:10.965818
Europe Moves to Rein In Blockchain Data Access With New Privacy Guidelines,2025-04-22T23:37:48Z,decrypt.co,https://cryptopanic.com/news/21250790/Europe-Moves-to-Rein-In-Blockchain-Data-Access-With-New-Privacy-Guidelines?mtm_campaign=API-OFA,0,2025-04-23T00:53:10.965818
Spot Bitcoin ETFs score $395M in inflows in 4 trading days,2025-04-22T23:30:46Z,cryptoslate.com,https://cryptopanic.com/news/21250766/Spot-Bitcoin-ETFs-score-395M-in-inflows-in-4-trading-days?mtm_campaign=API-OFA,0,2025-04-23T00:53:10.965818
Over Half of South Koreans Have Crypto Trading Experience – Survey,2025-04-22T23:30:00Z,cryptonews.com,https://cryptopanic.com/news/21250747/Over-Half-of-South-Koreans-Have-Crypto-Trading-Experience-Survey?mtm_campaign=API-OFA,0,2025-04-23T00:53:10.965818
"Chainlink To Play Frontline Role In Crypto Regulation, LINK To $30 Confirmed?",2025-04-22T23:27:00Z,thecoinrepublic.com,https://cryptopanic.com/news/21250754/Chainlink-To-Play-Frontline-Role-In-Crypto-Regulation-LINK-To-30-Confirmed?mtm_campaign=API-OFA,0,2025-04-23T00:53:10.965818
Trump Appoints Ex-SEC Chair Behind the XRP Lawsuit as New SDNY Attorney,2025-04-22T23:23:40Z,beincrypto.com,https://cryptopanic.com/news/21250794/Trump-Appoints-Ex-SEC-Chair-Behind-the-XRP-Lawsuit-as-New-SDNY-Attorney?mtm_campaign=API-OFA,0,2025-04-23T00:53:10.965818
MANTRA Price Prediction – Can $OM Hit $1 After 300M Token Burn?,2025-04-22T23:23:40Z,en.cryptonomist.ch,https://cryptopanic.com/news/21250767/MANTRA-Price-Prediction-Can-OM-Hit-1-After-300M-Token-Burn?mtm_campaign=API-OFA,0,2025-04-23T00:53:10.965818
Paul Atkins' SEC Chairmanship Sparks Bitcoin Optimism,2025-04-22T23:21:58Z,coincu.com,https://cryptopanic.com/news/21250743/Paul-Atkins-SEC-Chairmanship-Sparks-Bitcoin-Optimism?mtm_campaign=API-OFA,0,2025-04-23T00:53:10.965818
Trump Hints at Lower Tariffs on China Amid Trade Tensions,2025-04-23T00:52:24Z,coincu.com,https://cryptopanic.com/news/21251770/Trump-Hints-at-Lower-Tariffs-on-China-Amid-Trade-Tensions?mtm_campaign=API-OFA,0,2025-04-23T00:53:38.291298
Bitcoin Mining Game 'Miner Wars' Expands With New Features,2025-04-23T00:31:03Z,decrypt.co,https://cryptopanic.com/news/21251732/Bitcoin-Mining-Game-Miner-Wars-Expands-With-New-Features?mtm_campaign=API-OFA,0,2025-04-23T00:53:38.291298
"Cantor Fitzgerald to build $3B Bitcoin venture in partnership with SoftBank, Tether, and Bitfinex",2025-04-23T00:28:20Z,cryptobriefing.com,https://cryptopanic.com/news/21251713/Cantor-Fitzgerald-to-build-3B-Bitcoin-venture-in-partnership-with-SoftBank-Tether-and-Bitfinex?mtm_campaign=API-OFA,0,2025-04-23T00:53:38.291298
Zora Token Launches Amid U.S.–China Tariff Speculations,2025-04-23T00:21:42Z,coincu.com,https://cryptopanic.com/news/21251706/Zora-Token-Launches-Amid-USChina-Tariff-Speculations?mtm_campaign=API-OFA,0,2025-04-23T00:53:38.291298
"DeFi lending protocols gain $2.3B in TVL, fueling token outperformance",2025-04-23T00:15:45Z,cryptoslate.com,https://cryptopanic.com/news/21251680/DeFi-lending-protocols-gain-23B-in-TVL-fueling-token-outperformance?mtm_campaign=API-OFA,0,2025-04-23T00:53:38.291298
"Australian court rules in favor of crypto lender, dismissing ASIC’s appeal",2025-04-23T00:15:17Z,cryptopolitan.com,https://cryptopanic.com/news/21251682/Australian-court-rules-in-favor-of-crypto-lender-dismissing-ASICs-appeal?mtm_campaign=API-OFA,0,2025-04-23T00:53:38.291298
Solana DEX Meteora Sued Over Alleged Pump-and-Dump Meme Coin Launch,2025-04-23T00:04:23Z,decrypt.co,https://cryptopanic.com/news/21251354/Solana-DEX-Meteora-Sued-Over-Alleged-Pump-and-Dump-Meme-Coin-Launch?mtm_campaign=API-OFA,0,2025-04-23T00:53:38.291298
"XRP: Another Battle Incoming, Bitcoin's (BTC) Next Stop Is $94,000, Solana (SOL) Short-Term Rally Confirmed",2025-04-23T00:01:00Z,u.today,https://cryptopanic.com/news/21251378/XRP-Another-Battle-Incoming-Bitcoins-BTC-Next-Stop-Is-94000-Solana-SOL-Short-Term-Rally-Confirmed?mtm_campaign=API-OFA,0,2025-04-23T00:53:38.291298
"Under-the-Radar Altcoin Flashing Same Setup That Preceded 3,797% Explosion for Chainlink, According to Analyst",2025-04-23T00:00:41Z,dailyhodl.com,https://cryptopanic.com/news/21250878/Under-the-Radar-Altcoin-Flashing-Same-Setup-That-Preceded-3797-Explosion-for-Chainlink-According-to-Analyst?mtm_campaign=API-OFA,0,2025-04-23T00:53:38.291298
Bitcoin's Hard Landing: Central Banks to the Rescue?,2025-04-23T00:00:23Z,youtube.com,https://cryptopanic.com/news/21251683/Bitcoins-Hard-Landing-Central-Banks-to-the-Rescue?mtm_campaign=API-OFA,0,2025-04-23T00:53:38.291298
Trump Hints at Lower Tariffs on China Amid Trade Tensions,2025-04-23T00:52:24Z,coincu.com,https://cryptopanic.com/news/21251770/Trump-Hints-at-Lower-Tariffs-on-China-Amid-Trade-Tensions?mtm_campaign=API-OFA,0,2025-04-23T00:56:20.921916
Former SEC Chair Jay Clayton sworn in as interim US attorney for Manhattan,2025-04-23T00:51:51Z,cointelegraph.com,https://cryptopanic.com/news/21251773/Former-SEC-Chair-Jay-Clayton-sworn-in-as-interim-US-attorney-for-Manhattan?mtm_campaign=API-OFA,0,2025-04-23T00:56:20.921916
Bitcoin Mining Game 'Miner Wars' Expands With New Features,2025-04-23T00:31:03Z,decrypt.co,https://cryptopanic.com/news/21251732/Bitcoin-Mining-Game-Miner-Wars-Expands-With-New-Features?mtm_campaign=API-OFA,0,2025-04-23T00:56:20.921916
"Cantor Fitzgerald to build $3B Bitcoin venture in partnership with SoftBank, Tether, and Bitfinex",2025-04-23T00:28:20Z,cryptobriefing.com,https://cryptopanic.com/news/21251713/Cantor-Fitzgerald-to-build-3B-Bitcoin-venture-in-partnership-with-SoftBank-Tether-and-Bitfinex?mtm_campaign=API-OFA,0,2025-04-23T00:56:20.921916
Zora Token Launches Amid U.S.–China Tariff Speculations,2025-04-23T00:21:42Z,coincu.com,https://cryptopanic.com/news/21251706/Zora-Token-Launches-Amid-USChina-Tariff-Speculations?mtm_campaign=API-OFA,0,2025-04-23T00:56:20.921916
"DeFi lending protocols gain $2.3B in TVL, fueling token outperformance",2025-04-23T00:15:45Z,cryptoslate.com,https://cryptopanic.com/news/21251680/DeFi-lending-protocols-gain-23B-in-TVL-fueling-token-outperformance?mtm_campaign=API-OFA,0,2025-04-23T00:56:20.921916
"Australian court rules in favor of crypto lender, dismissing ASIC’s appeal",2025-04-23T00:15:17Z,cryptopolitan.com,https://cryptopanic.com/news/21251682/Australian-court-rules-in-favor-of-crypto-lender-dismissing-ASICs-appeal?mtm_campaign=API-OFA,0,2025-04-23T00:56:20.921916
Solana DEX Meteora Sued Over Alleged Pump-and-Dump Meme Coin Launch,2025-04-23T00:04:23Z,decrypt.co,https://cryptopanic.com/news/21251354/Solana-DEX-Meteora-Sued-Over-Alleged-Pump-and-Dump-Meme-Coin-Launch?mtm_campaign=API-OFA,0,2025-04-23T00:56:20.921916
"XRP: Another Battle Incoming, Bitcoin's (BTC) Next Stop Is $94,000, Solana (SOL) Short-Term Rally Confirmed",2025-04-23T00:01:00Z,u.today,https://cryptopanic.com/news/21251378/XRP-Another-Battle-Incoming-Bitcoins-BTC-Next-Stop-Is-94000-Solana-SOL-Short-Term-Rally-Confirmed?mtm_campaign=API-OFA,0,2025-04-23T00:56:20.921916
"Under-the-Radar Altcoin Flashing Same Setup That Preceded 3,797% Explosion for Chainlink, According to Analyst",2025-04-23T00:00:41Z,dailyhodl.com,https://cryptopanic.com/news/21250878/Under-the-Radar-Altcoin-Flashing-Same-Setup-That-Preceded-3797-Explosion-for-Chainlink-According-to-Analyst?mtm_campaign=API-OFA,0,2025-04-23T00:56:20.921916
Trump Hints at Lower Tariffs on China Amid Trade Tensions,2025-04-23T00:52:24Z,coincu.com,https://cryptopanic.com/news/21251770/Trump-Hints-at-Lower-Tariffs-on-China-Amid-Trade-Tensions?mtm_campaign=API-OFA,0,2025-04-23T01:04:25.091753
Former SEC Chair Jay Clayton sworn in as interim US attorney for Manhattan,2025-04-23T00:51:51Z,cointelegraph.com,https://cryptopanic.com/news/21251773/Former-SEC-Chair-Jay-Clayton-sworn-in-as-interim-US-attorney-for-Manhattan?mtm_campaign=API-OFA,0,2025-04-23T01:04:25.091753
Bitcoin Mining Game 'Miner Wars' Expands With New Features,2025-04-23T00:31:03Z,decrypt.co,https://cryptopanic.com/news/21251732/Bitcoin-Mining-Game-Miner-Wars-Expands-With-New-Features?mtm_campaign=API-OFA,0,2025-04-23T01:04:25.091753
"Cantor Fitzgerald to build $3B Bitcoin venture in partnership with SoftBank, Tether, and Bitfinex",2025-04-23T00:28:20Z,cryptobriefing.com,https://cryptopanic.com/news/21251713/Cantor-Fitzgerald-to-build-3B-Bitcoin-venture-in-partnership-with-SoftBank-Tether-and-Bitfinex?mtm_campaign=API-OFA,0,2025-04-23T01:04:25.091753
Zora Token Launches Amid U.S.–China Tariff Speculations,2025-04-23T00:21:42Z,coincu.com,https://cryptopanic.com/news/21251706/Zora-Token-Launches-Amid-USChina-Tariff-Speculations?mtm_campaign=API-OFA,0,2025-04-23T01:04:25.091753
"DeFi lending protocols gain $2.3B in TVL, fueling token outperformance",2025-04-23T00:15:45Z,cryptoslate.com,https://cryptopanic.com/news/21251680/DeFi-lending-protocols-gain-23B-in-TVL-fueling-token-outperformance?mtm_campaign=API-OFA,0,2025-04-23T01:04:25.091753
"Australian court rules in favor of crypto lender, dismissing ASIC’s appeal",2025-04-23T00:15:17Z,cryptopolitan.com,https://cryptopanic.com/news/21251682/Australian-court-rules-in-favor-of-crypto-lender-dismissing-ASICs-appeal?mtm_campaign=API-OFA,0,2025-04-23T01:04:25.091753
Solana DEX Meteora Sued Over Alleged Pump-and-Dump Meme Coin Launch,2025-04-23T00:04:23Z,decrypt.co,https://cryptopanic.com/news/21251354/Solana-DEX-Meteora-Sued-Over-Alleged-Pump-and-Dump-Meme-Coin-Launch?mtm_campaign=API-OFA,0,2025-04-23T01:04:25.091753
"XRP: Another Battle Incoming, Bitcoin's (BTC) Next Stop Is $94,000, Solana (SOL) Short-Term Rally Confirmed",2025-04-23T00:01:00Z,u.today,https://cryptopanic.com/news/21251378/XRP-Another-Battle-Incoming-Bitcoins-BTC-Next-Stop-Is-94000-Solana-SOL-Short-Term-Rally-Confirmed?mtm_campaign=API-OFA,0,2025-04-23T01:04:25.091753
"Under-the-Radar Altcoin Flashing Same Setup That Preceded 3,797% Explosion for Chainlink, According to Analyst",2025-04-23T00:00:41Z,dailyhodl.com,https://cryptopanic.com/news/21250878/Under-the-Radar-Altcoin-Flashing-Same-Setup-That-Preceded-3797-Explosion-for-Chainlink-According-to-Analyst?mtm_campaign=API-OFA,0,2025-04-23T01:04:25.091753
Respect the Bitcoin Pump,2025-04-23T01:02:00Z,libsyn.com,https://cryptopanic.com/news/21252064/Respect-the-Bitcoin-Pump?mtm_campaign=API-OFA,0,2025-04-23T01:06:32.409354
Gold’s trillion‑dollar climb shows Bitcoin has room to catch up,2025-04-23T01:00:24Z,cryptoslate.com,https://cryptopanic.com/news/21252028/Golds-trilliondollar-climb-shows-Bitcoin-has-room-to-catch-up?mtm_campaign=API-OFA,0,2025-04-23T01:06:32.409354
"Here’s why altcoin investors should be wary, despite the recent gains",2025-04-23T01:00:00Z,ambcrypto.com,https://cryptopanic.com/news/21252018/Heres-why-altcoin-investors-should-be-wary-despite-the-recent-gains?mtm_campaign=API-OFA,0,2025-04-23T01:06:32.409354
Trump Hints at Lower Tariffs on China Amid Trade Tensions,2025-04-23T00:52:24Z,coincu.com,https://cryptopanic.com/news/21251770/Trump-Hints-at-Lower-Tariffs-on-China-Amid-Trade-Tensions?mtm_campaign=API-OFA,0,2025-04-23T01:06:32.409354
Former SEC Chair Jay Clayton sworn in as interim US attorney for Manhattan,2025-04-23T00:51:51Z,cointelegraph.com,https://cryptopanic.com/news/21251773/Former-SEC-Chair-Jay-Clayton-sworn-in-as-interim-US-attorney-for-Manhattan?mtm_campaign=API-OFA,0,2025-04-23T01:06:32.409354
Bitcoin Mining Game 'Miner Wars' Expands With New Features,2025-04-23T00:31:03Z,decrypt.co,https://cryptopanic.com/news/21251732/Bitcoin-Mining-Game-Miner-Wars-Expands-With-New-Features?mtm_campaign=API-OFA,0,2025-04-23T01:06:32.409354
"Cantor Fitzgerald to build $3B Bitcoin venture in partnership with SoftBank, Tether, and Bitfinex",2025-04-23T00:28:20Z,cryptobriefing.com,https://cryptopanic.com/news/21251713/Cantor-Fitzgerald-to-build-3B-Bitcoin-venture-in-partnership-with-SoftBank-Tether-and-Bitfinex?mtm_campaign=API-OFA,0,2025-04-23T01:06:32.409354
Zora Token Launches Amid U.S.–China Tariff Speculations,2025-04-23T00:21:42Z,coincu.com,https://cryptopanic.com/news/21251706/Zora-Token-Launches-Amid-USChina-Tariff-Speculations?mtm_campaign=API-OFA,0,2025-04-23T01:06:32.409354
"DeFi lending protocols gain $2.3B in TVL, fueling token outperformance",2025-04-23T00:15:45Z,cryptoslate.com,https://cryptopanic.com/news/21251680/DeFi-lending-protocols-gain-23B-in-TVL-fueling-token-outperformance?mtm_campaign=API-OFA,0,2025-04-23T01:06:32.409354
"Australian court rules in favor of crypto lender, dismissing ASIC’s appeal",2025-04-23T00:15:17Z,cryptopolitan.com,https://cryptopanic.com/news/21251682/Australian-court-rules-in-favor-of-crypto-lender-dismissing-ASICs-appeal?mtm_campaign=API-OFA,0,2025-04-23T01:06:32.409354
Shiba Inu Price Prediction: Could SHIB Enter a 17x Rally from the Current Buy Zone?,2025-04-23T01:02:00Z,thecoinrepublic.com,https://cryptopanic.com/news/21252243/Shiba-Inu-Price-Prediction-Could-SHIB-Enter-a-17x-Rally-from-the-Current-Buy-Zone?mtm_campaign=API-OFA,0,2025-04-23T01:11:46.127493
Respect the Bitcoin Pump,2025-04-23T01:02:00Z,libsyn.com,https://cryptopanic.com/news/21252064/Respect-the-Bitcoin-Pump?mtm_campaign=API-OFA,0,2025-04-23T01:11:46.127493
Gold’s trillion‑dollar climb shows Bitcoin has room to catch up,2025-04-23T01:00:24Z,cryptoslate.com,https://cryptopanic.com/news/21252028/Golds-trilliondollar-climb-shows-Bitcoin-has-room-to-catch-up?mtm_campaign=API-OFA,0,2025-04-23T01:11:46.127493
"Here’s why altcoin investors should be wary, despite the recent gains",2025-04-23T01:00:00Z,ambcrypto.com,https://cryptopanic.com/news/21252018/Heres-why-altcoin-investors-should-be-wary-despite-the-recent-gains?mtm_campaign=API-OFA,0,2025-04-23T01:11:46.127493
Trump Hints at Lower Tariffs on China Amid Trade Tensions,2025-04-23T00:52:24Z,coincu.com,https://cryptopanic.com/news/21251770/Trump-Hints-at-Lower-Tariffs-on-China-Amid-Trade-Tensions?mtm_campaign=API-OFA,0,2025-04-23T01:11:46.127493
Former SEC Chair Jay Clayton sworn in as interim US attorney for Manhattan,2025-04-23T00:51:51Z,cointelegraph.com,https://cryptopanic.com/news/21251773/Former-SEC-Chair-Jay-Clayton-sworn-in-as-interim-US-attorney-for-Manhattan?mtm_campaign=API-OFA,0,2025-04-23T01:11:46.127493
Bitcoin Mining Game 'Miner Wars' Expands With New Features,2025-04-23T00:31:03Z,decrypt.co,https://cryptopanic.com/news/21251732/Bitcoin-Mining-Game-Miner-Wars-Expands-With-New-Features?mtm_campaign=API-OFA,0,2025-04-23T01:11:46.127493
"Cantor Fitzgerald to build $3B Bitcoin venture in partnership with SoftBank, Tether, and Bitfinex",2025-04-23T00:28:20Z,cryptobriefing.com,https://cryptopanic.com/news/21251713/Cantor-Fitzgerald-to-build-3B-Bitcoin-venture-in-partnership-with-SoftBank-Tether-and-Bitfinex?mtm_campaign=API-OFA,0,2025-04-23T01:11:46.127493
Zora Token Launches Amid U.S.–China Tariff Speculations,2025-04-23T00:21:42Z,coincu.com,https://cryptopanic.com/news/21251706/Zora-Token-Launches-Amid-USChina-Tariff-Speculations?mtm_campaign=API-OFA,0,2025-04-23T01:11:46.127493
"DeFi lending protocols gain $2.3B in TVL, fueling token outperformance",2025-04-23T00:15:45Z,cryptoslate.com,https://cryptopanic.com/news/21251680/DeFi-lending-protocols-gain-23B-in-TVL-fueling-token-outperformance?mtm_campaign=API-OFA,0,2025-04-23T01:11:46.127493
Shiba Inu Price Prediction: Could SHIB Enter a 17x Rally from the Current Buy Zone?,2025-04-23T01:02:00Z,thecoinrepublic.com,https://cryptopanic.com/news/21252243/Shiba-Inu-Price-Prediction-Could-SHIB-Enter-a-17x-Rally-from-the-Current-Buy-Zone?mtm_campaign=API-OFA,0,2025-04-23T01:12:17.235255
Respect the Bitcoin Pump,2025-04-23T01:02:00Z,libsyn.com,https://cryptopanic.com/news/21252064/Respect-the-Bitcoin-Pump?mtm_campaign=API-OFA,0,2025-04-23T01:12:17.235255
Gold’s trillion‑dollar climb shows Bitcoin has room to catch up,2025-04-23T01:00:24Z,cryptoslate.com,https://cryptopanic.com/news/21252028/Golds-trilliondollar-climb-shows-Bitcoin-has-room-to-catch-up?mtm_campaign=API-OFA,0,2025-04-23T01:12:17.235255
"Here’s why altcoin investors should be wary, despite the recent gains",2025-04-23T01:00:00Z,ambcrypto.com,https://cryptopanic.com/news/21252018/Heres-why-altcoin-investors-should-be-wary-despite-the-recent-gains?mtm_campaign=API-OFA,0,2025-04-23T01:12:17.235255
Trump Hints at Lower Tariffs on China Amid Trade Tensions,2025-04-23T00:52:24Z,coincu.com,https://cryptopanic.com/news/21251770/Trump-Hints-at-Lower-Tariffs-on-China-Amid-Trade-Tensions?mtm_campaign=API-OFA,0,2025-04-23T01:12:17.235255
Former SEC Chair Jay Clayton sworn in as interim US attorney for Manhattan,2025-04-23T00:51:51Z,cointelegraph.com,https://cryptopanic.com/news/21251773/Former-SEC-Chair-Jay-Clayton-sworn-in-as-interim-US-attorney-for-Manhattan?mtm_campaign=API-OFA,0,2025-04-23T01:12:17.235255
Bitcoin Mining Game 'Miner Wars' Expands With New Features,2025-04-23T00:31:03Z,decrypt.co,https://cryptopanic.com/news/21251732/Bitcoin-Mining-Game-Miner-Wars-Expands-With-New-Features?mtm_campaign=API-OFA,0,2025-04-23T01:12:17.235255
"Cantor Fitzgerald to build $3B Bitcoin venture in partnership with SoftBank, Tether, and Bitfinex",2025-04-23T00:28:20Z,cryptobriefing.com,https://cryptopanic.com/news/21251713/Cantor-Fitzgerald-to-build-3B-Bitcoin-venture-in-partnership-with-SoftBank-Tether-and-Bitfinex?mtm_campaign=API-OFA,0,2025-04-23T01:12:17.235255
Zora Token Launches Amid U.S.–China Tariff Speculations,2025-04-23T00:21:42Z,coincu.com,https://cryptopanic.com/news/21251706/Zora-Token-Launches-Amid-USChina-Tariff-Speculations?mtm_campaign=API-OFA,0,2025-04-23T01:12:17.235255
"DeFi lending protocols gain $2.3B in TVL, fueling token outperformance",2025-04-23T00:15:45Z,cryptoslate.com,https://cryptopanic.com/news/21251680/DeFi-lending-protocols-gain-23B-in-TVL-fueling-token-outperformance?mtm_campaign=API-OFA,0,2025-04-23T01:12:17.235255
Shiba Inu Price Prediction: Could SHIB Enter a 17x Rally from the Current Buy Zone?,2025-04-23T01:02:00Z,thecoinrepublic.com,https://cryptopanic.com/news/21252243/Shiba-Inu-Price-Prediction-Could-SHIB-Enter-a-17x-Rally-from-the-Current-Buy-Zone?mtm_campaign=API-OFA,0,2025-04-23T01:12:19.112429
Respect the Bitcoin Pump,2025-04-23T01:02:00Z,libsyn.com,https://cryptopanic.com/news/21252064/Respect-the-Bitcoin-Pump?mtm_campaign=API-OFA,0,2025-04-23T01:12:19.112429
Gold’s trillion‑dollar climb shows Bitcoin has room to catch up,2025-04-23T01:00:24Z,cryptoslate.com,https://cryptopanic.com/news/21252028/Golds-trilliondollar-climb-shows-Bitcoin-has-room-to-catch-up?mtm_campaign=API-OFA,0,2025-04-23T01:12:19.112429
"Here’s why altcoin investors should be wary, despite the recent gains",2025-04-23T01:00:00Z,ambcrypto.com,https://cryptopanic.com/news/21252018/Heres-why-altcoin-investors-should-be-wary-despite-the-recent-gains?mtm_campaign=API-OFA,0,2025-04-23T01:12:19.112429
Trump Hints at Lower Tariffs on China Amid Trade Tensions,2025-04-23T00:52:24Z,coincu.com,https://cryptopanic.com/news/21251770/Trump-Hints-at-Lower-Tariffs-on-China-Amid-Trade-Tensions?mtm_campaign=API-OFA,0,2025-04-23T01:12:19.112429
Former SEC Chair Jay Clayton sworn in as interim US attorney for Manhattan,2025-04-23T00:51:51Z,cointelegraph.com,https://cryptopanic.com/news/21251773/Former-SEC-Chair-Jay-Clayton-sworn-in-as-interim-US-attorney-for-Manhattan?mtm_campaign=API-OFA,0,2025-04-23T01:12:19.112429
Bitcoin Mining Game 'Miner Wars' Expands With New Features,2025-04-23T00:31:03Z,decrypt.co,https://cryptopanic.com/news/21251732/Bitcoin-Mining-Game-Miner-Wars-Expands-With-New-Features?mtm_campaign=API-OFA,0,2025-04-23T01:12:19.112429
"Cantor Fitzgerald to build $3B Bitcoin venture in partnership with SoftBank, Tether, and Bitfinex",2025-04-23T00:28:20Z,cryptobriefing.com,https://cryptopanic.com/news/21251713/Cantor-Fitzgerald-to-build-3B-Bitcoin-venture-in-partnership-with-SoftBank-Tether-and-Bitfinex?mtm_campaign=API-OFA,0,2025-04-23T01:12:19.112429
Zora Token Launches Amid U.S.–China Tariff Speculations,2025-04-23T00:21:42Z,coincu.com,https://cryptopanic.com/news/21251706/Zora-Token-Launches-Amid-USChina-Tariff-Speculations?mtm_campaign=API-OFA,0,2025-04-23T01:12:19.112429
"DeFi lending protocols gain $2.3B in TVL, fueling token outperformance",2025-04-23T00:15:45Z,cryptoslate.com,https://cryptopanic.com/news/21251680/DeFi-lending-protocols-gain-23B-in-TVL-fueling-token-outperformance?mtm_campaign=API-OFA,0,2025-04-23T01:12:19.112429
Shiba Inu Price Prediction: Could SHIB Enter a 17x Rally from the Current Buy Zone?,2025-04-23T01:02:00Z,thecoinrepublic.com,https://cryptopanic.com/news/21252243/Shiba-Inu-Price-Prediction-Could-SHIB-Enter-a-17x-Rally-from-the-Current-Buy-Zone?mtm_campaign=API-OFA,0,2025-04-23T01:12:33.699423
Respect the Bitcoin Pump,2025-04-23T01:02:00Z,libsyn.com,https://cryptopanic.com/news/21252064/Respect-the-Bitcoin-Pump?mtm_campaign=API-OFA,0,2025-04-23T01:12:33.699423
Gold’s trillion‑dollar climb shows Bitcoin has room to catch up,2025-04-23T01:00:24Z,cryptoslate.com,https://cryptopanic.com/news/21252028/Golds-trilliondollar-climb-shows-Bitcoin-has-room-to-catch-up?mtm_campaign=API-OFA,0,2025-04-23T01:12:33.699423
"Here’s why altcoin investors should be wary, despite the recent gains",2025-04-23T01:00:00Z,ambcrypto.com,https://cryptopanic.com/news/21252018/Heres-why-altcoin-investors-should-be-wary-despite-the-recent-gains?mtm_campaign=API-OFA,0,2025-04-23T01:12:33.699423
Trump Hints at Lower Tariffs on China Amid Trade Tensions,2025-04-23T00:52:24Z,coincu.com,https://cryptopanic.com/news/21251770/Trump-Hints-at-Lower-Tariffs-on-China-Amid-Trade-Tensions?mtm_campaign=API-OFA,0,2025-04-23T01:12:33.699423
Former SEC Chair Jay Clayton sworn in as interim US attorney for Manhattan,2025-04-23T00:51:51Z,cointelegraph.com,https://cryptopanic.com/news/21251773/Former-SEC-Chair-Jay-Clayton-sworn-in-as-interim-US-attorney-for-Manhattan?mtm_campaign=API-OFA,0,2025-04-23T01:12:33.699423
Bitcoin Mining Game 'Miner Wars' Expands With New Features,2025-04-23T00:31:03Z,decrypt.co,https://cryptopanic.com/news/21251732/Bitcoin-Mining-Game-Miner-Wars-Expands-With-New-Features?mtm_campaign=API-OFA,0,2025-04-23T01:12:33.699423
"Cantor Fitzgerald to build $3B Bitcoin venture in partnership with SoftBank, Tether, and Bitfinex",2025-04-23T00:28:20Z,cryptobriefing.com,https://cryptopanic.com/news/21251713/Cantor-Fitzgerald-to-build-3B-Bitcoin-venture-in-partnership-with-SoftBank-Tether-and-Bitfinex?mtm_campaign=API-OFA,0,2025-04-23T01:12:33.699423
Zora Token Launches Amid U.S.–China Tariff Speculations,2025-04-23T00:21:42Z,coincu.com,https://cryptopanic.com/news/21251706/Zora-Token-Launches-Amid-USChina-Tariff-Speculations?mtm_campaign=API-OFA,0,2025-04-23T01:12:33.699423
"DeFi lending protocols gain $2.3B in TVL, fueling token outperformance",2025-04-23T00:15:45Z,cryptoslate.com,https://cryptopanic.com/news/21251680/DeFi-lending-protocols-gain-23B-in-TVL-fueling-token-outperformance?mtm_campaign=API-OFA,0,2025-04-23T01:12:33.699423
Shiba Inu Price Prediction: Could SHIB Enter a 17x Rally from the Current Buy Zone?,2025-04-23T01:02:00Z,thecoinrepublic.com,https://cryptopanic.com/news/21252243/Shiba-Inu-Price-Prediction-Could-SHIB-Enter-a-17x-Rally-from-the-Current-Buy-Zone?mtm_campaign=API-OFA,0,2025-04-23T01:12:35.072446
Respect the Bitcoin Pump,2025-04-23T01:02:00Z,libsyn.com,https://cryptopanic.com/news/21252064/Respect-the-Bitcoin-Pump?mtm_campaign=API-OFA,0,2025-04-23T01:12:35.072446
Gold’s trillion‑dollar climb shows Bitcoin has room to catch up,2025-04-23T01:00:24Z,cryptoslate.com,https://cryptopanic.com/news/21252028/Golds-trilliondollar-climb-shows-Bitcoin-has-room-to-catch-up?mtm_campaign=API-OFA,0,2025-04-23T01:12:35.072446
"Here’s why altcoin investors should be wary, despite the recent gains",2025-04-23T01:00:00Z,ambcrypto.com,https://cryptopanic.com/news/21252018/Heres-why-altcoin-investors-should-be-wary-despite-the-recent-gains?mtm_campaign=API-OFA,0,2025-04-23T01:12:35.072446
Trump Hints at Lower Tariffs on China Amid Trade Tensions,2025-04-23T00:52:24Z,coincu.com,https://cryptopanic.com/news/21251770/Trump-Hints-at-Lower-Tariffs-on-China-Amid-Trade-Tensions?mtm_campaign=API-OFA,0,2025-04-23T01:12:35.072446
Former SEC Chair Jay Clayton sworn in as interim US attorney for Manhattan,2025-04-23T00:51:51Z,cointelegraph.com,https://cryptopanic.com/news/21251773/Former-SEC-Chair-Jay-Clayton-sworn-in-as-interim-US-attorney-for-Manhattan?mtm_campaign=API-OFA,0,2025-04-23T01:12:35.072446
Bitcoin Mining Game 'Miner Wars' Expands With New Features,2025-04-23T00:31:03Z,decrypt.co,https://cryptopanic.com/news/21251732/Bitcoin-Mining-Game-Miner-Wars-Expands-With-New-Features?mtm_campaign=API-OFA,0,2025-04-23T01:12:35.072446
"Cantor Fitzgerald to build $3B Bitcoin venture in partnership with SoftBank, Tether, and Bitfinex",2025-04-23T00:28:20Z,cryptobriefing.com,https://cryptopanic.com/news/21251713/Cantor-Fitzgerald-to-build-3B-Bitcoin-venture-in-partnership-with-SoftBank-Tether-and-Bitfinex?mtm_campaign=API-OFA,0,2025-04-23T01:12:35.072446
Zora Token Launches Amid U.S.–China Tariff Speculations,2025-04-23T00:21:42Z,coincu.com,https://cryptopanic.com/news/21251706/Zora-Token-Launches-Amid-USChina-Tariff-Speculations?mtm_campaign=API-OFA,0,2025-04-23T01:12:35.072446
"DeFi lending protocols gain $2.3B in TVL, fueling token outperformance",2025-04-23T00:15:45Z,cryptoslate.com,https://cryptopanic.com/news/21251680/DeFi-lending-protocols-gain-23B-in-TVL-fueling-token-outperformance?mtm_campaign=API-OFA,0,2025-04-23T01:12:35.072446
Shiba Inu Price Prediction: Could SHIB Enter a 17x Rally from the Current Buy Zone?,2025-04-23T01:02:00Z,thecoinrepublic.com,https://cryptopanic.com/news/21252243/Shiba-Inu-Price-Prediction-Could-SHIB-Enter-a-17x-Rally-from-the-Current-Buy-Zone?mtm_campaign=API-OFA,0,2025-04-23T01:12:56.679558
Respect the Bitcoin Pump,2025-04-23T01:02:00Z,libsyn.com,https://cryptopanic.com/news/21252064/Respect-the-Bitcoin-Pump?mtm_campaign=API-OFA,0,2025-04-23T01:12:56.679558
Gold’s trillion‑dollar climb shows Bitcoin has room to catch up,2025-04-23T01:00:24Z,cryptoslate.com,https://cryptopanic.com/news/21252028/Golds-trilliondollar-climb-shows-Bitcoin-has-room-to-catch-up?mtm_campaign=API-OFA,0,2025-04-23T01:12:56.679558
"Here’s why altcoin investors should be wary, despite the recent gains",2025-04-23T01:00:00Z,ambcrypto.com,https://cryptopanic.com/news/21252018/Heres-why-altcoin-investors-should-be-wary-despite-the-recent-gains?mtm_campaign=API-OFA,0,2025-04-23T01:12:56.679558
Trump Hints at Lower Tariffs on China Amid Trade Tensions,2025-04-23T00:52:24Z,coincu.com,https://cryptopanic.com/news/21251770/Trump-Hints-at-Lower-Tariffs-on-China-Amid-Trade-Tensions?mtm_campaign=API-OFA,0,2025-04-23T01:12:56.679558
Former SEC Chair Jay Clayton sworn in as interim US attorney for Manhattan,2025-04-23T00:51:51Z,cointelegraph.com,https://cryptopanic.com/news/21251773/Former-SEC-Chair-Jay-Clayton-sworn-in-as-interim-US-attorney-for-Manhattan?mtm_campaign=API-OFA,0,2025-04-23T01:12:56.679558
Bitcoin Mining Game 'Miner Wars' Expands With New Features,2025-04-23T00:31:03Z,decrypt.co,https://cryptopanic.com/news/21251732/Bitcoin-Mining-Game-Miner-Wars-Expands-With-New-Features?mtm_campaign=API-OFA,0,2025-04-23T01:12:56.679558
"Cantor Fitzgerald to build $3B Bitcoin venture in partnership with SoftBank, Tether, and Bitfinex",2025-04-23T00:28:20Z,cryptobriefing.com,https://cryptopanic.com/news/21251713/Cantor-Fitzgerald-to-build-3B-Bitcoin-venture-in-partnership-with-SoftBank-Tether-and-Bitfinex?mtm_campaign=API-OFA,0,2025-04-23T01:12:56.679558
Zora Token Launches Amid U.S.–China Tariff Speculations,2025-04-23T00:21:42Z,coincu.com,https://cryptopanic.com/news/21251706/Zora-Token-Launches-Amid-USChina-Tariff-Speculations?mtm_campaign=API-OFA,0,2025-04-23T01:12:56.679558
"DeFi lending protocols gain $2.3B in TVL, fueling token outperformance",2025-04-23T00:15:45Z,cryptoslate.com,https://cryptopanic.com/news/21251680/DeFi-lending-protocols-gain-23B-in-TVL-fueling-token-outperformance?mtm_campaign=API-OFA,0,2025-04-23T01:12:56.679558
Shiba Inu Price Prediction: Could SHIB Enter a 17x Rally from the Current Buy Zone?,2025-04-23T01:02:00Z,thecoinrepublic.com,https://cryptopanic.com/news/21252243/Shiba-Inu-Price-Prediction-Could-SHIB-Enter-a-17x-Rally-from-the-Current-Buy-Zone?mtm_campaign=API-OFA,0,2025-04-23T01:12:58.301071
Respect the Bitcoin Pump,2025-04-23T01:02:00Z,libsyn.com,https://cryptopanic.com/news/21252064/Respect-the-Bitcoin-Pump?mtm_campaign=API-OFA,0,2025-04-23T01:12:58.301071
Gold’s trillion‑dollar climb shows Bitcoin has room to catch up,2025-04-23T01:00:24Z,cryptoslate.com,https://cryptopanic.com/news/21252028/Golds-trilliondollar-climb-shows-Bitcoin-has-room-to-catch-up?mtm_campaign=API-OFA,0,2025-04-23T01:12:58.301071
"Here’s why altcoin investors should be wary, despite the recent gains",2025-04-23T01:00:00Z,ambcrypto.com,https://cryptopanic.com/news/21252018/Heres-why-altcoin-investors-should-be-wary-despite-the-recent-gains?mtm_campaign=API-OFA,0,2025-04-23T01:12:58.301071
Trump Hints at Lower Tariffs on China Amid Trade Tensions,2025-04-23T00:52:24Z,coincu.com,https://cryptopanic.com/news/21251770/Trump-Hints-at-Lower-Tariffs-on-China-Amid-Trade-Tensions?mtm_campaign=API-OFA,0,2025-04-23T01:12:58.301071
Former SEC Chair Jay Clayton sworn in as interim US attorney for Manhattan,2025-04-23T00:51:51Z,cointelegraph.com,https://cryptopanic.com/news/21251773/Former-SEC-Chair-Jay-Clayton-sworn-in-as-interim-US-attorney-for-Manhattan?mtm_campaign=API-OFA,0,2025-04-23T01:12:58.301071
Bitcoin Mining Game 'Miner Wars' Expands With New Features,2025-04-23T00:31:03Z,decrypt.co,https://cryptopanic.com/news/21251732/Bitcoin-Mining-Game-Miner-Wars-Expands-With-New-Features?mtm_campaign=API-OFA,0,2025-04-23T01:12:58.301071
"Cantor Fitzgerald to build $3B Bitcoin venture in partnership with SoftBank, Tether, and Bitfinex",2025-04-23T00:28:20Z,cryptobriefing.com,https://cryptopanic.com/news/21251713/Cantor-Fitzgerald-to-build-3B-Bitcoin-venture-in-partnership-with-SoftBank-Tether-and-Bitfinex?mtm_campaign=API-OFA,0,2025-04-23T01:12:58.301071
Zora Token Launches Amid U.S.–China Tariff Speculations,2025-04-23T00:21:42Z,coincu.com,https://cryptopanic.com/news/21251706/Zora-Token-Launches-Amid-USChina-Tariff-Speculations?mtm_campaign=API-OFA,0,2025-04-23T01:12:58.301071
"DeFi lending protocols gain $2.3B in TVL, fueling token outperformance",2025-04-23T00:15:45Z,cryptoslate.com,https://cryptopanic.com/news/21251680/DeFi-lending-protocols-gain-23B-in-TVL-fueling-token-outperformance?mtm_campaign=API-OFA,0,2025-04-23T01:12:58.301071
Shiba Inu Price Prediction: Could SHIB Enter a 17x Rally from the Current Buy Zone?,2025-04-23T01:02:00Z,thecoinrepublic.com,https://cryptopanic.com/news/21252243/Shiba-Inu-Price-Prediction-Could-SHIB-Enter-a-17x-Rally-from-the-Current-Buy-Zone?mtm_campaign=API-OFA,0,2025-04-23T01:16:31.081872
Respect the Bitcoin Pump,2025-04-23T01:02:00Z,libsyn.com,https://cryptopanic.com/news/21252064/Respect-the-Bitcoin-Pump?mtm_campaign=API-OFA,0,2025-04-23T01:16:31.081872
Gold’s trillion‑dollar climb shows Bitcoin has room to catch up,2025-04-23T01:00:24Z,cryptoslate.com,https://cryptopanic.com/news/21252028/Golds-trilliondollar-climb-shows-Bitcoin-has-room-to-catch-up?mtm_campaign=API-OFA,0,2025-04-23T01:16:31.081872
"Here’s why altcoin investors should be wary, despite the recent gains",2025-04-23T01:00:00Z,ambcrypto.com,https://cryptopanic.com/news/21252018/Heres-why-altcoin-investors-should-be-wary-despite-the-recent-gains?mtm_campaign=API-OFA,0,2025-04-23T01:16:31.081872
Trump Hints at Lower Tariffs on China Amid Trade Tensions,2025-04-23T00:52:24Z,coincu.com,https://cryptopanic.com/news/21251770/Trump-Hints-at-Lower-Tariffs-on-China-Amid-Trade-Tensions?mtm_campaign=API-OFA,0,2025-04-23T01:16:31.081872
Former SEC Chair Jay Clayton sworn in as interim US attorney for Manhattan,2025-04-23T00:51:51Z,cointelegraph.com,https://cryptopanic.com/news/21251773/Former-SEC-Chair-Jay-Clayton-sworn-in-as-interim-US-attorney-for-Manhattan?mtm_campaign=API-OFA,0,2025-04-23T01:16:31.081872
Bitcoin Mining Game 'Miner Wars' Expands With New Features,2025-04-23T00:31:03Z,decrypt.co,https://cryptopanic.com/news/21251732/Bitcoin-Mining-Game-Miner-Wars-Expands-With-New-Features?mtm_campaign=API-OFA,0,2025-04-23T01:16:31.081872
"Cantor Fitzgerald to build $3B Bitcoin venture in partnership with SoftBank, Tether, and Bitfinex",2025-04-23T00:28:20Z,cryptobriefing.com,https://cryptopanic.com/news/21251713/Cantor-Fitzgerald-to-build-3B-Bitcoin-venture-in-partnership-with-SoftBank-Tether-and-Bitfinex?mtm_campaign=API-OFA,0,2025-04-23T01:16:31.081872
Zora Token Launches Amid U.S.–China Tariff Speculations,2025-04-23T00:21:42Z,coincu.com,https://cryptopanic.com/news/21251706/Zora-Token-Launches-Amid-USChina-Tariff-Speculations?mtm_campaign=API-OFA,0,2025-04-23T01:16:31.081872
"DeFi lending protocols gain $2.3B in TVL, fueling token outperformance",2025-04-23T00:15:45Z,cryptoslate.com,https://cryptopanic.com/news/21251680/DeFi-lending-protocols-gain-23B-in-TVL-fueling-token-outperformance?mtm_campaign=API-OFA,0,2025-04-23T01:16:31.081872
Shiba Inu Price Prediction: Could SHIB Enter a 17x Rally from the Current Buy Zone?,2025-04-23T01:02:00Z,thecoinrepublic.com,https://cryptopanic.com/news/21252243/Shiba-Inu-Price-Prediction-Could-SHIB-Enter-a-17x-Rally-from-the-Current-Buy-Zone?mtm_campaign=API-OFA,0,2025-04-23T01:17:09.869713
Respect the Bitcoin Pump,2025-04-23T01:02:00Z,libsyn.com,https://cryptopanic.com/news/21252064/Respect-the-Bitcoin-Pump?mtm_campaign=API-OFA,0,2025-04-23T01:17:09.869713
Gold’s trillion‑dollar climb shows Bitcoin has room to catch up,2025-04-23T01:00:24Z,cryptoslate.com,https://cryptopanic.com/news/21252028/Golds-trilliondollar-climb-shows-Bitcoin-has-room-to-catch-up?mtm_campaign=API-OFA,0,2025-04-23T01:17:09.869713
"Here’s why altcoin investors should be wary, despite the recent gains",2025-04-23T01:00:00Z,ambcrypto.com,https://cryptopanic.com/news/21252018/Heres-why-altcoin-investors-should-be-wary-despite-the-recent-gains?mtm_campaign=API-OFA,0,2025-04-23T01:17:09.869713
Trump Hints at Lower Tariffs on China Amid Trade Tensions,2025-04-23T00:52:24Z,coincu.com,https://cryptopanic.com/news/21251770/Trump-Hints-at-Lower-Tariffs-on-China-Amid-Trade-Tensions?mtm_campaign=API-OFA,0,2025-04-23T01:17:09.869713
Former SEC Chair Jay Clayton sworn in as interim US attorney for Manhattan,2025-04-23T00:51:51Z,cointelegraph.com,https://cryptopanic.com/news/21251773/Former-SEC-Chair-Jay-Clayton-sworn-in-as-interim-US-attorney-for-Manhattan?mtm_campaign=API-OFA,0,2025-04-23T01:17:09.869713
Bitcoin Mining Game 'Miner Wars' Expands With New Features,2025-04-23T00:31:03Z,decrypt.co,https://cryptopanic.com/news/21251732/Bitcoin-Mining-Game-Miner-Wars-Expands-With-New-Features?mtm_campaign=API-OFA,0,2025-04-23T01:17:09.869713
"Cantor Fitzgerald to build $3B Bitcoin venture in partnership with SoftBank, Tether, and Bitfinex",2025-04-23T00:28:20Z,cryptobriefing.com,https://cryptopanic.com/news/21251713/Cantor-Fitzgerald-to-build-3B-Bitcoin-venture-in-partnership-with-SoftBank-Tether-and-Bitfinex?mtm_campaign=API-OFA,0,2025-04-23T01:17:09.869713
Zora Token Launches Amid U.S.–China Tariff Speculations,2025-04-23T00:21:42Z,coincu.com,https://cryptopanic.com/news/21251706/Zora-Token-Launches-Amid-USChina-Tariff-Speculations?mtm_campaign=API-OFA,0,2025-04-23T01:17:09.870713
"DeFi lending protocols gain $2.3B in TVL, fueling token outperformance",2025-04-23T00:15:45Z,cryptoslate.com,https://cryptopanic.com/news/21251680/DeFi-lending-protocols-gain-23B-in-TVL-fueling-token-outperformance?mtm_campaign=API-OFA,0,2025-04-23T01:17:09.870713
Grayscale CEO unveils bold expansion plan with new crypto ETFs and Ethereum staking,2025-04-23T02:25:02Z,cointrackdaily.com,https://cryptopanic.com/news/21253518/Grayscale-CEO-unveils-bold-expansion-plan-with-new-crypto-ETFs-and-Ethereum-staking?mtm_campaign=API-OFA,0,2025-04-23T02:30:37.462369
Kazakhstan’s central bank chief champions national cryptocurrency exchange,2025-04-23T02:10:59Z,cointrackdaily.com,https://cryptopanic.com/news/21253383/Kazakhstans-central-bank-chief-champions-national-cryptocurrency-exchange?mtm_campaign=API-OFA,0,2025-04-23T02:30:37.462369
Elon Musk-Led Tesla Reports $125 Million In Unrealized Losses On Bitcoin After Top Crypto Drops 12% In Q1,2025-04-23T02:03:21Z,feeds2.benzinga.com,https://cryptopanic.com/news/21253508/Elon-Musk-Led-Tesla-Reports-125-Million-In-Unrealized-Losses-On-Bitcoin-After-Top-Crypto-Drops-12-In-Q1?mtm_campaign=API-OFA,0,2025-04-23T02:30:37.462369
"New SEC Chair Paul Atkins vows ‘rational, coherent’ approach to crypto regulation",2025-04-23T02:02:09Z,theblock.co,https://cryptopanic.com/news/21252868/New-SEC-Chair-Paul-Atkins-vows-rational-coherent-approach-to-crypto-regulation?mtm_campaign=API-OFA,0,2025-04-23T02:30:37.462369
Hyperliquid: Retail traders tip the scale as whales clash over HYPE’s next move,2025-04-23T02:00:47Z,ambcrypto.com,https://cryptopanic.com/news/21252842/Hyperliquid-Retail-traders-tip-the-scale-as-whales-clash-over-HYPEs-next-move?mtm_campaign=API-OFA,0,2025-04-23T02:30:37.462369
Crypto market liquidations exceed $600M as short traders face brutal squeeze,2025-04-23T02:00:34Z,cointrackdaily.com,https://cryptopanic.com/news/21252664/Crypto-market-liquidations-exceed-600M-as-short-traders-face-brutal-squeeze?mtm_campaign=API-OFA,0,2025-04-23T02:30:37.462369
Tether mints $1 billion in USDT on Tron blockchain for future market operations,2025-04-23T01:52:07Z,cointrackdaily.com,https://cryptopanic.com/news/21252646/Tether-mints-1-billion-in-USDT-on-Tron-blockchain-for-future-market-operations?mtm_campaign=API-OFA,0,2025-04-23T02:30:37.462369
"Elon Musk Reduces Involvement with DOGE, Shifts Focus to Tesla",2025-04-23T01:52:01Z,coincu.com,https://cryptopanic.com/news/21252645/Elon-Musk-Reduces-Involvement-with-DOGE-Shifts-Focus-to-Tesla?mtm_campaign=API-OFA,0,2025-04-23T02:30:37.462369
GameStop Bitcoin Dividend: Supply Shock on Steroids Explained!,2025-04-23T01:30:01Z,youtube.com,https://cryptopanic.com/news/21252623/GameStop-Bitcoin-Dividend-Supply-Shock-on-Steroids-Explained?mtm_campaign=API-OFA,0,2025-04-23T02:30:37.462369
Galaxy Digital Shifts $203 Million in Crypto Assets,2025-04-23T01:21:45Z,coincu.com,https://cryptopanic.com/news/21252567/Galaxy-Digital-Shifts-203-Million-in-Crypto-Assets?mtm_campaign=API-OFA,0,2025-04-23T02:30:37.462369
Grayscale CEO unveils bold expansion plan with new crypto ETFs and Ethereum staking,2025-04-23T02:25:02Z,cointrackdaily.com,https://cryptopanic.com/news/21253518/Grayscale-CEO-unveils-bold-expansion-plan-with-new-crypto-ETFs-and-Ethereum-staking?mtm_campaign=API-OFA,0,2025-04-23T02:33:23.901709
Kazakhstan’s central bank chief champions national cryptocurrency exchange,2025-04-23T02:10:59Z,cointrackdaily.com,https://cryptopanic.com/news/21253383/Kazakhstans-central-bank-chief-champions-national-cryptocurrency-exchange?mtm_campaign=API-OFA,0,2025-04-23T02:33:23.901709
Elon Musk-Led Tesla Reports $125 Million In Unrealized Losses On Bitcoin After Top Crypto Drops 12% In Q1,2025-04-23T02:03:21Z,feeds2.benzinga.com,https://cryptopanic.com/news/21253508/Elon-Musk-Led-Tesla-Reports-125-Million-In-Unrealized-Losses-On-Bitcoin-After-Top-Crypto-Drops-12-In-Q1?mtm_campaign=API-OFA,0,2025-04-23T02:33:23.901709
"New SEC Chair Paul Atkins vows ‘rational, coherent’ approach to crypto regulation",2025-04-23T02:02:09Z,theblock.co,https://cryptopanic.com/news/21252868/New-SEC-Chair-Paul-Atkins-vows-rational-coherent-approach-to-crypto-regulation?mtm_campaign=API-OFA,0,2025-04-23T02:33:23.901709
Hyperliquid: Retail traders tip the scale as whales clash over HYPE’s next move,2025-04-23T02:00:47Z,ambcrypto.com,https://cryptopanic.com/news/21252842/Hyperliquid-Retail-traders-tip-the-scale-as-whales-clash-over-HYPEs-next-move?mtm_campaign=API-OFA,0,2025-04-23T02:33:23.901709
Crypto market liquidations exceed $600M as short traders face brutal squeeze,2025-04-23T02:00:34Z,cointrackdaily.com,https://cryptopanic.com/news/21252664/Crypto-market-liquidations-exceed-600M-as-short-traders-face-brutal-squeeze?mtm_campaign=API-OFA,0,2025-04-23T02:33:23.901709
Tether mints $1 billion in USDT on Tron blockchain for future market operations,2025-04-23T01:52:07Z,cointrackdaily.com,https://cryptopanic.com/news/21252646/Tether-mints-1-billion-in-USDT-on-Tron-blockchain-for-future-market-operations?mtm_campaign=API-OFA,0,2025-04-23T02:33:23.901709
"Elon Musk Reduces Involvement with DOGE, Shifts Focus to Tesla",2025-04-23T01:52:01Z,coincu.com,https://cryptopanic.com/news/21252645/Elon-Musk-Reduces-Involvement-with-DOGE-Shifts-Focus-to-Tesla?mtm_campaign=API-OFA,0,2025-04-23T02:33:23.901709
GameStop Bitcoin Dividend: Supply Shock on Steroids Explained!,2025-04-23T01:30:01Z,youtube.com,https://cryptopanic.com/news/21252623/GameStop-Bitcoin-Dividend-Supply-Shock-on-Steroids-Explained?mtm_campaign=API-OFA,0,2025-04-23T02:33:23.901709
Galaxy Digital Shifts $203 Million in Crypto Assets,2025-04-23T01:21:45Z,coincu.com,https://cryptopanic.com/news/21252567/Galaxy-Digital-Shifts-203-Million-in-Crypto-Assets?mtm_campaign=API-OFA,0,2025-04-23T02:33:23.901709
Grayscale CEO unveils bold expansion plan with new crypto ETFs and Ethereum staking,2025-04-23T02:25:02Z,cointrackdaily.com,https://cryptopanic.com/news/21253518/Grayscale-CEO-unveils-bold-expansion-plan-with-new-crypto-ETFs-and-Ethereum-staking?mtm_campaign=API-OFA,1,2025-04-23T02:39:36.433921
Kazakhstan’s central bank chief champions national cryptocurrency exchange,2025-04-23T02:10:59Z,cointrackdaily.com,https://cryptopanic.com/news/21253383/Kazakhstans-central-bank-chief-champions-national-cryptocurrency-exchange?mtm_campaign=API-OFA,0,2025-04-23T02:39:36.433921
Elon Musk-Led Tesla Reports $125 Million In Unrealized Losses On Bitcoin After Top Crypto Drops 12% In Q1,2025-04-23T02:03:21Z,feeds2.benzinga.com,https://cryptopanic.com/news/21253508/Elon-Musk-Led-Tesla-Reports-125-Million-In-Unrealized-Losses-On-Bitcoin-After-Top-Crypto-Drops-12-In-Q1?mtm_campaign=API-OFA,0,2025-04-23T02:39:36.433921
"New SEC Chair Paul Atkins vows ‘rational, coherent’ approach to crypto regulation",2025-04-23T02:02:09Z,theblock.co,https://cryptopanic.com/news/21252868/New-SEC-Chair-Paul-Atkins-vows-rational-coherent-approach-to-crypto-regulation?mtm_campaign=API-OFA,0,2025-04-23T02:39:36.433921
Hyperliquid: Retail traders tip the scale as whales clash over HYPE’s next move,2025-04-23T02:00:47Z,ambcrypto.com,https://cryptopanic.com/news/21252842/Hyperliquid-Retail-traders-tip-the-scale-as-whales-clash-over-HYPEs-next-move?mtm_campaign=API-OFA,0,2025-04-23T02:39:36.433921
Crypto market liquidations exceed $600M as short traders face brutal squeeze,2025-04-23T02:00:34Z,cointrackdaily.com,https://cryptopanic.com/news/21252664/Crypto-market-liquidations-exceed-600M-as-short-traders-face-brutal-squeeze?mtm_campaign=API-OFA,0,2025-04-23T02:39:36.433921
Tether mints $1 billion in USDT on Tron blockchain for future market operations,2025-04-23T01:52:07Z,cointrackdaily.com,https://cryptopanic.com/news/21252646/Tether-mints-1-billion-in-USDT-on-Tron-blockchain-for-future-market-operations?mtm_campaign=API-OFA,0,2025-04-23T02:39:36.433921
"Elon Musk Reduces Involvement with DOGE, Shifts Focus to Tesla",2025-04-23T01:52:01Z,coincu.com,https://cryptopanic.com/news/21252645/Elon-Musk-Reduces-Involvement-with-DOGE-Shifts-Focus-to-Tesla?mtm_campaign=API-OFA,0,2025-04-23T02:39:36.433921
GameStop Bitcoin Dividend: Supply Shock on Steroids Explained!,2025-04-23T01:30:01Z,youtube.com,https://cryptopanic.com/news/21252623/GameStop-Bitcoin-Dividend-Supply-Shock-on-Steroids-Explained?mtm_campaign=API-OFA,0,2025-04-23T02:39:36.433921
Galaxy Digital Shifts $203 Million in Crypto Assets,2025-04-23T01:21:45Z,coincu.com,https://cryptopanic.com/news/21252567/Galaxy-Digital-Shifts-203-Million-in-Crypto-Assets?mtm_campaign=API-OFA,0,2025-04-23T02:39:36.433921
